{"SONS":52.76872964169381,"WIDTH":1280,"HEIGHT":720,"MUSIQUE":14.724480578139094}