{"SONS":50.71954931382496,"WIDTH":1280,"HEIGHT":720,"MUSIQUE":7.723576848099871}