{"SONS":50.71954931382496,"WIDTH":1280,"HEIGHT":720,"MUSIQUE":50.09107468123859}