{"SONS":14.601881012699335,"WIDTH":1280,"HEIGHT":720,"MUSIQUE":10.16260123834377}