{"SONS":50.40650406504065,"WIDTH":1280,"HEIGHT":720,"MUSIQUE":15.538226051403415}