{"SONS":14.601881012699335,"WIDTH":1280,"HEIGHT":720,"MUSIQUE":20.73170692940068}