{"SONS":50.71954931382496,"WIDTH":1280,"HEIGHT":720,"MUSIQUE":12.195121563547026}