{"SONS":45.08952752950096,"WIDTH":1280,"HEIGHT":720,"MUSIQUE":77.70591677316096}