{"SONS":85.17382413087935,"MUSIQUE":37.32106339468303}